<?xml version="1.0" encoding="UTF-8"?>
<jcr:root xmlns:sling="http://sling.apache.org/jcr/sling/1.0" xmlns:cq="http://www.day.com/jcr/cq/1.0" xmlns:jcr="http://www.jcp.org/jcr/1.0" xmlns:nt="http://www.jcp.org/jcr/nt/1.0"
    jcr:primaryType="cq:Page">
    <wcm jcr:primaryType="nt:unstructured">
        <foundation jcr:primaryType="nt:unstructured">
            <components jcr:primaryType="nt:unstructured">
                <page jcr:primaryType="nt:unstructured">
                    <jcr:content
                        jcr:primaryType="nt:unstructured"
                        mergeList="{Boolean}true"/>
                    <default
                        jcr:description="Policy of the default page"
                        jcr:lastModified="{Date}2022-04-01T14:28:45.158+05:30"
                        jcr:lastModifiedBy="admin"
                        jcr:primaryType="nt:unstructured"
                        jcr:title="Default Page"
                        sling:resourceType="wcm/core/components/policy/policy"
                        clientlibs="[ttn-Bootcamp,wcm.foundation.components.page.responsive,lib1]">
                        <jcr:content
                            jcr:primaryType="nt:unstructured"
                            mergeList="{Boolean}true"/>
                        <cq:styleGroups jcr:primaryType="nt:unstructured">
                            <item0 jcr:primaryType="nt:unstructured"/>
                        </cq:styleGroups>
                    </default>
                </page>
                <responsivegrid jcr:primaryType="nt:unstructured">
                    <jcr:content
                        jcr:primaryType="nt:unstructured"
                        mergeList="{Boolean}true"/>
                    <default
                        jcr:description="Policy of the default root parsys"
                        jcr:lastModified="{Date}2022-03-22T04:24:53.787+05:30"
                        jcr:lastModifiedBy="admin"
                        jcr:primaryType="nt:unstructured"
                        jcr:title="homepage"
                        sling:resourceType="wcm/core/components/policy/policy"
                        components="[group:General,group:Aem project - Content,group:Aem project - Form,group:Aem project - Structure,group:homepage]">
                        <cq:authoring jcr:primaryType="nt:unstructured">
                            <assetToComponentMapping jcr:primaryType="nt:unstructured">
                                <image
                                    jcr:primaryType="nt:unstructured"
                                    assetGroup="media"
                                    assetMimetype="image/*"
                                    droptarget="image"
                                    resourceType="wcm/foundation/components/image"
                                    type="Images"/>
                                <product
                                    jcr:primaryType="nt:unstructured"
                                    assetGroup="product"
                                    droptarget="product-data-reference"
                                    resourceType="commerce/components/product"
                                    type="Products"/>
                                <document
                                    jcr:primaryType="nt:unstructured"
                                    assetGroup="media"
                                    assetMimetype="[application/vnd.openxmlformats,application/msword,application/vnd.ms-powerpoint,application/mspowerpoint,application/powerpoint,application/x-mspowerpoint,application/x-msexcel,application/x-excel,application/excel,application/vnd.ms-excel,application/pdf,application/vnd.openxmlformats-officedocument.wordprocessingml.document]"
                                    droptarget="file"
                                    resourceType="foundation/components/download"
                                    type="Images"/>
                                <video
                                    jcr:primaryType="nt:unstructured"
                                    assetGroup="media"
                                    assetMimetype="video/*"
                                    droptarget="video"
                                    resourceType="foundation/components/video"
                                    type="Images"/>
                                <fragment
                                    jcr:primaryType="nt:unstructured"
                                    assetGroup="media"
                                    assetMimetype="text/html"
                                    droptarget="fragment"
                                    resourceType="dam/cfm/components/contentfragment"
                                    type="Content Fragment"/>
                                <experiencefragment
                                    jcr:primaryType="nt:unstructured"
                                    assetGroup="content"
                                    assetMimetype="text/html"
                                    droptarget="experiencefragment"
                                    resourceType="cq/experience-fragments/editor/components/experiencefragment"
                                    type="experiencefragment"/>
                            </assetToComponentMapping>
                        </cq:authoring>
                        <jcr:content
                            jcr:primaryType="nt:unstructured"
                            mergeList="{Boolean}true"/>
                    </default>
                    <policy_65409069878989
                        jcr:lastModified="{Date}2022-03-20T20:37:07.377+05:30"
                        jcr:lastModifiedBy="admin"
                        jcr:primaryType="nt:unstructured"
                        jcr:title="New Policy"
                        sling:resourceType="wcm/core/components/policy/policy"
                        components="[group:General,group:mockproject]">
                        <jcr:content jcr:primaryType="nt:unstructured"/>
                    </policy_65409069878989>
                    <policy_65731498256709
                        jcr:lastModified="{Date}2022-03-19T23:27:49.168+05:30"
                        jcr:lastModifiedBy="admin"
                        jcr:primaryType="nt:unstructured"
                        jcr:title="New Policy"
                        sling:resourceType="wcm/core/components/policy/policy"
                        components="[group:General,group:mockproject]">
                        <jcr:content jcr:primaryType="nt:unstructured"/>
                    </policy_65731498256709>
                    <policy_65731501082415
                        jcr:lastModified="{Date}2022-03-19T23:28:22.184+05:30"
                        jcr:lastModifiedBy="admin"
                        jcr:primaryType="nt:unstructured"
                        jcr:title="New policy"
                        sling:resourceType="wcm/core/components/policy/policy"
                        components="[group:General,group:mockproject]">
                        <jcr:content jcr:primaryType="nt:unstructured"/>
                    </policy_65731501082415>
                    <policy_65865282939540
                        jcr:lastModified="{Date}2022-03-19T23:29:03.070+05:30"
                        jcr:lastModifiedBy="admin"
                        jcr:primaryType="nt:unstructured"
                        jcr:title="New policy"
                        sling:resourceType="wcm/core/components/policy/policy"
                        components="[group:General,group:mockproject]">
                        <jcr:content jcr:primaryType="nt:unstructured"/>
                    </policy_65865282939540>
                    <policy_85689409657357
                        jcr:lastModified="{Date}2022-04-01T00:22:28.393+05:30"
                        jcr:lastModifiedBy="admin"
                        jcr:primaryType="nt:unstructured"
                        jcr:title="blogPage"
                        sling:resourceType="wcm/core/components/policy/policy"
                        components="[group:General,group:homepage]">
                        <jcr:content jcr:primaryType="nt:unstructured"/>
                    </policy_85689409657357>
                </responsivegrid>
            </components>
        </foundation>
    </wcm>
</jcr:root>
