<?xml version="1.0" encoding="UTF-8"?>
<jcr:root xmlns:sling="http://sling.apache.org/jcr/sling/1.0" xmlns:cq="http://www.day.com/jcr/cq/1.0" xmlns:jcr="http://www.jcp.org/jcr/1.0" xmlns:nt="http://www.jcp.org/jcr/nt/1.0"
    jcr:primaryType="cq:Page">
    <jcr:content
        cq:lastModified="{Date}2022-04-01T13:12:11.332+05:30"
        cq:lastModifiedBy="admin"
        cq:template="/conf/MockProject/settings/wcm/templates/homepage"
        jcr:primaryType="cq:PageContent"
        jcr:title="homePage"
        sling:resourceType="wcm/foundation/components/page">
        <root
            jcr:primaryType="nt:unstructured"
            sling:resourceType="wcm/foundation/components/responsivegrid">
            <responsivegrid_1486161353
                jcr:created="{Date}2022-03-19T21:09:19.173+05:30"
                jcr:createdBy="admin"
                jcr:lastModified="{Date}2022-03-19T22:50:56.351+05:30"
                jcr:lastModifiedBy="admin"
                jcr:primaryType="nt:unstructured"
                sling:resourceType="wcm/foundation/components/responsivegrid">
                <footer
                    jcr:created="{Date}2022-03-22T03:18:04.150+05:30"
                    jcr:createdBy="admin"
                    jcr:lastModified="{Date}2022-03-22T03:18:04.150+05:30"
                    jcr:lastModifiedBy="admin"
                    jcr:primaryType="nt:unstructured"
                    sling:resourceType="mysite/components/footer">
                    <cq:responsive jcr:primaryType="nt:unstructured">
                        <default
                            jcr:primaryType="nt:unstructured"
                            offset="2"
                            width="8"/>
                    </cq:responsive>
                </footer>
            </responsivegrid_1486161353>
            <responsivegrid
                jcr:created="{Date}2022-03-19T21:02:58.879+05:30"
                jcr:createdBy="admin"
                jcr:lastModified="{Date}2022-03-19T23:26:18.835+05:30"
                jcr:lastModifiedBy="admin"
                jcr:primaryType="nt:unstructured"
                sling:resourceType="wcm/foundation/components/responsivegrid">
                <responsivegrid
                    jcr:created="{Date}2022-03-19T22:45:50.433+05:30"
                    jcr:createdBy="admin"
                    jcr:lastModified="{Date}2022-03-19T22:45:50.433+05:30"
                    jcr:lastModifiedBy="admin"
                    jcr:primaryType="nt:unstructured"
                    sling:resourceType="wcm/foundation/components/responsivegrid">
                    <cq:responsive jcr:primaryType="nt:unstructured"/>
                    <header
                        jcr:created="{Date}2022-03-19T23:23:57.146+05:30"
                        jcr:createdBy="admin"
                        jcr:lastModified="{Date}2022-03-31T02:58:52.398+05:30"
                        jcr:lastModifiedBy="admin"
                        jcr:primaryType="nt:unstructured"
                        sling:resourceType="mysite/components/Header"
                        fname="https://www.google.com/"
                        link="https://www.youtube.com/">
                        <cq:responsive jcr:primaryType="nt:unstructured">
                            <default
                                jcr:primaryType="nt:unstructured"
                                offset="0"
                                width="6"/>
                        </cq:responsive>
                    </header>
                </responsivegrid>
                <banner_1670365215
                    jcr:created="{Date}2022-03-22T03:41:49.508+05:30"
                    jcr:createdBy="admin"
                    jcr:lastModified="{Date}2022-03-22T03:41:49.508+05:30"
                    jcr:lastModifiedBy="admin"
                    jcr:primaryType="nt:unstructured"
                    sling:resourceType="mysite/components/Banner">
                    <cq:responsive jcr:primaryType="nt:unstructured">
                        <default
                            jcr:primaryType="nt:unstructured"
                            offset="0"
                            width="8"/>
                    </cq:responsive>
                </banner_1670365215>
            </responsivegrid>
            <responsivegrid_1526452405
                jcr:created="{Date}2022-03-19T21:06:20.047+05:30"
                jcr:createdBy="admin"
                jcr:lastModified="{Date}2022-03-19T23:26:32.042+05:30"
                jcr:lastModifiedBy="admin"
                jcr:primaryType="nt:unstructured"
                sling:resourceType="wcm/foundation/components/responsivegrid">
                <listofblog
                    jcr:created="{Date}2022-03-22T03:17:18.096+05:30"
                    jcr:createdBy="admin"
                    jcr:lastModified="{Date}2022-04-01T13:12:11.326+05:30"
                    jcr:lastModifiedBy="admin"
                    jcr:primaryType="nt:unstructured"
                    sling:resourceType="mysite/components/listofblog">
                    <cq:responsive jcr:primaryType="nt:unstructured">
                        <default
                            jcr:primaryType="nt:unstructured"
                            offset="2"
                            width="8"/>
                    </cq:responsive>
                    <blogs jcr:primaryType="nt:unstructured">
                        <item0
                            jcr:primaryType="nt:unstructured"
                            blogDate="{Date}2022-03-01T00:00:00.000+05:30"
                            blogDesc="jibrish"
                            blogLink="blogs.html#"
                            blogTitle="Title1"/>
                        <item1
                            jcr:primaryType="nt:unstructured"
                            blogDate="{Date}2022-03-08T00:00:00.000+05:30"
                            blogDesc="jiji"
                            blogLink="https://www.youtube.com/watch?v=8SYdSfYmnVM"
                            blogTitle="rimal"/>
                        <item2
                            jcr:primaryType="nt:unstructured"
                            blogDate="{Date}2022-03-09T00:00:00.000+05:30"
                            blogDesc="byjbybyj"
                            blogLink="byjbyyb"
                            blogTitle="ybhbjy"/>
                        <item3
                            jcr:primaryType="nt:unstructured"
                            blogDate="{Date}2022-04-13T00:00:00.000+05:30"
                            blogDesc="whatever"
                            blogLink="blogs.html#"
                            blogTitle="Title4"/>
                    </blogs>
                </listofblog>
            </responsivegrid_1526452405>
            <responsivegrid_1672113687
                jcr:created="{Date}2022-03-19T23:28:32.891+05:30"
                jcr:createdBy="admin"
                jcr:lastModified="{Date}2022-03-19T23:28:45.731+05:30"
                jcr:lastModifiedBy="admin"
                jcr:primaryType="nt:unstructured"
                sling:resourceType="wcm/foundation/components/responsivegrid"/>
        </root>
    </jcr:content>
</jcr:root>
